{
  "projects": [
    {
      "title": "youtube_analytics_growth",
      "emoji": "🎬",
      "pitch": "Cómo escalé un canal a +100K suscriptores usando datos: CTR, retención, cohortes y A/B testing.",
      "impact": "+70% CTR promedio y expansión internacional del canal binacional.",
      "stack": [
        "Python",
        "Jupyter",
        "Tableau"
      ],
      "tags": [
        "youtube"
      ],
      "repo": "https://github.com/ednasanchez-analytics/youtube-analytics-growth",
      "demo": ""
    },
    {
      "title": "her2_market_insights_baja",
      "emoji": "🧬",
      "pitch": "Inteligencia de mercado HER2+ en Baja California: adopción por molécula y cobertura regional.",
      "impact": "Detección de brechas y oportunidades de acceso en instituciones clave.",
      "stack": [
        "Python",
        "SQL",
        "Tableau"
      ],
      "tags": [
        "pharma"
      ],
      "repo": "https://github.com/ednasanchez-analytics/her2-market-insights-baja",
      "demo": ""
    },
    {
      "title": "kpi_sales_pharma_dashboard",
      "emoji": "⚙️",
      "pitch": "KPIs que transforman equipos de ventas: eficiencia, cobertura y adopción con visualización clara.",
      "impact": "Mayor visibilidad del desempeño comercial y foco en resultados.",
      "stack": [
        "Excel",
        "Tableau",
        "SQL básico"
      ],
      "tags": [
        "pharma"
      ],
      "repo": "https://github.com/ednasanchez-analytics/kpi-sales-pharma-dashboard",
      "demo": ""
    },
    {
      "title": "ab_test_recommender_systems",
      "emoji": "🧪",
      "pitch": "Decisiones con evidencia: prueba Z y embudos para validar un sistema de recomendación.",
      "impact": "Decisiones basadas en datos estadísticamente válidos (p<0.05).",
      "stack": [
        "Python",
        "Pandas",
        "Jupyter"
      ],
      "tags": [
        "ab"
      ],
      "repo": "https://github.com/ednasanchez-analytics/ab-test-recommender-systems",
      "demo": ""
    },
    {
      "title": "CallMeMaybe_Operator_Efficiency",
      "emoji": "☎️",
      "pitch": "Eficiencia operativa en centros de atención: KPIs de espera, resolución y satisfacción.",
      "impact": "Reducción del 22% en tiempos de espera y mejora de satisfacción.",
      "stack": [
        "Python",
        "Tableau"
      ],
      "tags": [
        "ops"
      ],
      "repo": "https://github.com/ednasanchez-analytics/CallMeMaybe_Operator_Efficiency",
      "demo": ""
    },
    {
      "title": "pharma_sales_sql_insights",
      "emoji": "💊",
      "pitch": "Análisis SQL de ventas HER2 y desempeño territorial para decisiones comerciales.",
      "impact": "Priorización de recursos por institución y territorio.",
      "stack": [
        "SQL",
        "Tableau",
        "Excel"
      ],
      "tags": [
        "pharma"
      ],
      "repo": "https://github.com/ednasanchez-analytics/pharma_sales_sql_insights",
      "demo": ""
    }
  ]
}